Population size: 30,Dimensions size: 615 820 15,Genome size: 25,Fitness type: 0,Crossover %: 90,Crossover type: 0,Mutation probability: 5

Avg fitness:,Best fitness:,Generation number:
0.0596015,0.447518,1,,
0.0909705,0.454852,2,,
0.0739386,0.582375,3,,
0.0582375,0.582375,4,,
0.116475,0.582376,5,,
0.0776502,0.582376,6,,
0.0970627,0.582376,7,,
0.0582376,0.582376,8,,
0.116711,0.583793,9,,
0.0583793,0.583793,10,,
0.0587176,0.587176,11,,
0.0851309,0.655583,12,,
